城市,聚类类型,特征描述,推荐旅游项目
Chicago,温暖湿润型,THI较高，温度适中，湿度较大，降水较多,"参观城市景点, 进行沙滩水上运动"
Dallas,温暖湿润型,THI较高，温度适中，湿度较大，降水较多,"参观城市景点, 进行沙滩水上运动"
Houston,温暖湿润型,THI较高，温度适中，湿度较大，降水较多,"参观城市景点, 进行沙滩水上运动"
Los Angeles,凉爽干燥型,THI较低，温度凉爽，湿度较低，风速较大,"户外活动, 温泉体验, 赏花、野餐、摄影"
New York,温暖湿润型,THI较高，温度适中，湿度较大，降水较多,"参观城市景点, 进行沙滩水上运动"
Philadelphia,温暖湿润型,THI较高，温度适中，湿度较大，降水较多,"参观城市景点, 进行沙滩水上运动"
Phoenix,寒冷干燥型,THI低，温度低，湿度低，风速大,"滑雪, 温泉体验, 室内活动"
San Antonio,凉爽干燥型,THI较低，温度凉爽，湿度较低，风速较大,"户外活动, 温泉体验, 赏花、野餐、摄影"
San Diego,温暖湿润型,THI较高，温度适中，湿度较大，降水较多,"参观城市景点, 进行沙滩水上运动"
San Jose,凉爽干燥型,THI较低，温度凉爽，湿度较低，风速较大,"户外活动, 温泉体验, 赏花、野餐、摄影"
